[
    {
      "id": 1,
      "first_name": "Isador",
      "last_name": "Kruger",
      "email": "ikruger0@huffingtonpost.com",
      "gender": "Male",
      "dob": "2023-04-28T11:19:35Z"
    },
    {
      "id": 2,
      "first_name": "Brady",
      "last_name": "Gommery",
      "email": "bgommery1@amazon.de",
      "gender": "Male",
      "dob": "2022-12-11T17:35:54Z"
    },
    {
      "id": 3,
      "first_name": "Boycie",
      "last_name": "Drei",
      "email": "bdrei2@uol.com.br",
      "gender": "Male",
      "dob": "2021-04-25T04:40:04Z"
    },
    {
      "id": 4,
      "first_name": "Connie",
      "last_name": "Wooffinden",
      "email": "cwooffinden3@desdev.cn",
      "gender": "Male",
      "dob": "2022-04-12T17:18:02Z"
    },
    {
      "id": 5,
      "first_name": "Denni",
      "last_name": "Huie",
      "email": "dhuie4@toplist.cz",
      "gender": "Female",
      "dob": "2021-01-15T15:08:19Z"
    },
    {
      "id": 6,
      "first_name": "Denney",
      "last_name": "Moncarr",
      "email": "dmoncarr5@jigsy.com",
      "gender": "Male",
      "dob": "2021-12-23T09:44:18Z"
    },
    {
      "id": 7,
      "first_name": "Nowell",
      "last_name": "Leeburn",
      "email": "nleeburn6@reddit.com",
      "gender": "Male",
      "dob": "2023-05-02T23:30:45Z"
    },
    {
      "id": 8,
      "first_name": "Rosie",
      "last_name": "Mattaus",
      "email": "rmattaus7@google.co.uk",
      "gender": "Female",
      "dob": "2022-12-14T07:51:24Z"
    },
    {
      "id": 9,
      "first_name": "Hetti",
      "last_name": "Capnor",
      "email": "hcapnor8@google.ru",
      "gender": "Female",
      "dob": "2022-11-09T02:01:23Z"
    },
    {
      "id": 10,
      "first_name": "Sayre",
      "last_name": "Moriarty",
      "email": "smoriarty9@usa.gov",
      "gender": "Male",
      "dob": "2023-05-29T08:10:06Z"
    },
    {
      "id": 11,
      "first_name": "Kippie",
      "last_name": "McArtan",
      "email": "kmcartana@nhs.uk",
      "gender": "Female",
      "dob": "2021-07-18T23:40:11Z"
    },
    {
      "id": 12,
      "first_name": "Madalena",
      "last_name": "Waye",
      "email": "mwayeb@yahoo.co.jp",
      "gender": "Female",
      "dob": "2022-11-13T18:22:09Z"
    },
    {
      "id": 13,
      "first_name": "Norby",
      "last_name": "Filon",
      "email": "nfilonc@admin.ch",
      "gender": "Male",
      "dob": "2021-02-05T23:38:07Z"
    },
    {
      "id": 14,
      "first_name": "Jemima",
      "last_name": "Stovine",
      "email": "jstovined@bloglines.com",
      "gender": "Female",
      "dob": "2022-05-14T00:26:26Z"
    },
    {
      "id": 15,
      "first_name": "Hermie",
      "last_name": "Evetts",
      "email": "hevettse@example.com",
      "gender": "Male",
      "dob": "2023-01-09T06:08:10Z"
    },
    {
      "id": 16,
      "first_name": "Robb",
      "last_name": "Guage",
      "email": "rguagef@nifty.com",
      "gender": "Male",
      "dob": "2020-11-18T02:35:10Z"
    },
    {
      "id": 17,
      "first_name": "Dave",
      "last_name": "Standall",
      "email": "dstandallg@over-blog.com",
      "gender": "Male",
      "dob": "2023-03-01T14:37:21Z"
    },
    {
      "id": 18,
      "first_name": "Husein",
      "last_name": "Arlett",
      "email": "harletth@squidoo.com",
      "gender": "Male",
      "dob": "2020-12-24T02:15:36Z"
    },
    {
      "id": 19,
      "first_name": "Zahara",
      "last_name": "Odgaard",
      "email": "zodgaardi@studiopress.com",
      "gender": "Female",
      "dob": "2022-02-11T20:53:10Z"
    },
    {
      "id": 20,
      "first_name": "Curry",
      "last_name": "O'Codihie",
      "email": "cocodihiej@slideshare.net",
      "gender": "Male",
      "dob": "2020-06-28T00:30:46Z"
    },
    {
      "id": 21,
      "first_name": "Moria",
      "last_name": "Blenkharn",
      "email": "mblenkharnk@bbb.org",
      "gender": "Female",
      "dob": "2021-03-23T22:43:07Z"
    },
    {
      "id": 22,
      "first_name": "Dannie",
      "last_name": "Helleckas",
      "email": "dhelleckasl@wordpress.org",
      "gender": "Male",
      "dob": "2022-03-29T06:03:00Z"
    },
    {
      "id": 23,
      "first_name": "Gail",
      "last_name": "Benet",
      "email": "gbenetm@diigo.com",
      "gender": "Female",
      "dob": "2022-05-31T08:42:44Z"
    },
    {
      "id": 24,
      "first_name": "Davon",
      "last_name": "Methven",
      "email": "dmethvenn@ft.com",
      "gender": "Male",
      "dob": "2021-12-26T22:25:45Z"
    },
    {
      "id": 25,
      "first_name": "Bent",
      "last_name": "Godsell",
      "email": "bgodsello@free.fr",
      "gender": "Male",
      "dob": "2021-08-19T13:13:47Z"
    },
    {
      "id": 26,
      "first_name": "Arabella",
      "last_name": "Cham",
      "email": "achamp@squidoo.com",
      "gender": "Female",
      "dob": "2021-05-31T19:23:11Z"
    },
    {
      "id": 27,
      "first_name": "Husain",
      "last_name": "Gilhooly",
      "email": "hgilhoolyq@marriott.com",
      "gender": "Male",
      "dob": "2020-05-04T13:23:45Z"
    },
    {
      "id": 28,
      "first_name": "Susanna",
      "last_name": "Tredger",
      "email": "stredgerr@chron.com",
      "gender": "Female",
      "dob": "2020-07-15T14:56:36Z"
    },
    {
      "id": 29,
      "first_name": "Xylina",
      "last_name": "Bunworth",
      "email": "xbunworths@usnews.com",
      "gender": "Female",
      "dob": "2022-10-19T05:19:53Z"
    },
    {
      "id": 30,
      "first_name": "Baily",
      "last_name": "Ethridge",
      "email": "bethridget@cbsnews.com",
      "gender": "Male",
      "dob": "2022-03-04T12:43:55Z"
    },
    {
      "id": 31,
      "first_name": "Berky",
      "last_name": "Laste",
      "email": "blasteu@nih.gov",
      "gender": "Male",
      "dob": "2020-07-17T05:07:27Z"
    },
    {
      "id": 32,
      "first_name": "Hana",
      "last_name": "Shoubridge",
      "email": "hshoubridgev@multiply.com",
      "gender": "Female",
      "dob": "2022-04-22T17:24:13Z"
    },
    {
      "id": 33,
      "first_name": "Nolly",
      "last_name": "Rebert",
      "email": "nrebertw@pagesperso-orange.fr",
      "gender": "Male",
      "dob": "2022-03-31T04:40:42Z"
    },
    {
      "id": 34,
      "first_name": "Cassie",
      "last_name": "Akhurst",
      "email": "cakhurstx@e-recht24.de",
      "gender": "Female",
      "dob": "2021-09-19T05:41:32Z"
    },
    {
      "id": 35,
      "first_name": "Harris",
      "last_name": "Colvie",
      "email": "hcolviey@google.es",
      "gender": "Male",
      "dob": "2023-02-06T13:56:03Z"
    },
    {
      "id": 36,
      "first_name": "Reynard",
      "last_name": "Sulter",
      "email": "rsulterz@auda.org.au",
      "gender": "Male",
      "dob": "2021-08-19T18:47:57Z"
    },
    {
      "id": 37,
      "first_name": "Ruben",
      "last_name": "Rigge",
      "email": "rrigge10@cafepress.com",
      "gender": "Male",
      "dob": "2021-03-24T05:01:06Z"
    },
    {
      "id": 38,
      "first_name": "Vince",
      "last_name": "Le Claire",
      "email": "vleclaire11@wsj.com",
      "gender": "Male",
      "dob": "2021-07-09T12:20:49Z"
    },
    {
      "id": 39,
      "first_name": "Gery",
      "last_name": "Longhorne",
      "email": "glonghorne12@nsw.gov.au",
      "gender": "Male",
      "dob": "2021-05-02T22:15:40Z"
    },
    {
      "id": 40,
      "first_name": "Jakob",
      "last_name": "Owbrick",
      "email": "jowbrick13@icq.com",
      "gender": "Male",
      "dob": "2021-03-08T18:52:46Z"
    },
    {
      "id": 41,
      "first_name": "Ernesta",
      "last_name": "Burmingham",
      "email": "eburmingham14@admin.ch",
      "gender": "Bigender",
      "dob": "2020-05-12T08:02:51Z"
    },
    {
      "id": 42,
      "first_name": "Odetta",
      "last_name": "Skae",
      "email": "oskae15@tripod.com",
      "gender": "Female",
      "dob": "2022-12-01T08:23:47Z"
    },
    {
      "id": 43,
      "first_name": "Denice",
      "last_name": "Alesio",
      "email": "dalesio16@ucla.edu",
      "gender": "Female",
      "dob": "2022-06-18T11:14:45Z"
    },
    {
      "id": 44,
      "first_name": "Kori",
      "last_name": "Dodds",
      "email": "kdodds17@cornell.edu",
      "gender": "Genderqueer",
      "dob": "2021-12-14T21:12:09Z"
    },
    {
      "id": 45,
      "first_name": "Aura",
      "last_name": "St Clair",
      "email": "astclair18@java.com",
      "gender": "Female",
      "dob": "2022-04-28T21:15:34Z"
    },
    {
      "id": 46,
      "first_name": "Luigi",
      "last_name": "Minshaw",
      "email": "lminshaw19@un.org",
      "gender": "Male",
      "dob": "2022-05-13T15:05:40Z"
    },
    {
      "id": 47,
      "first_name": "Herminia",
      "last_name": "Antuk",
      "email": "hantuk1a@va.gov",
      "gender": "Female",
      "dob": "2023-03-29T00:03:09Z"
    },
    {
      "id": 48,
      "first_name": "Ezra",
      "last_name": "Littrell",
      "email": "elittrell1b@wiley.com",
      "gender": "Male",
      "dob": "2023-03-11T15:22:01Z"
    },
    {
      "id": 49,
      "first_name": "Thorin",
      "last_name": "Matantsev",
      "email": "tmatantsev1c@pagesperso-orange.fr",
      "gender": "Male",
      "dob": "2022-11-12T20:51:40Z"
    },
    {
      "id": 50,
      "first_name": "Gabbie",
      "last_name": "Nashe",
      "email": "gnashe1d@google.de",
      "gender": "Male",
      "dob": "2022-01-19T06:39:05Z"
    },
    {
      "id": 51,
      "first_name": "Ag",
      "last_name": "Gormley",
      "email": "agormley1e@sbwire.com",
      "gender": "Female",
      "dob": "2021-09-08T18:00:03Z"
    },
    {
      "id": 52,
      "first_name": "Nert",
      "last_name": "Melloi",
      "email": "nmelloi1f@technorati.com",
      "gender": "Female",
      "dob": "2022-10-19T10:44:04Z"
    },
    {
      "id": 53,
      "first_name": "Gallard",
      "last_name": "Hagan",
      "email": "ghagan1g@devhub.com",
      "gender": "Male",
      "dob": "2022-06-29T02:16:19Z"
    },
    {
      "id": 54,
      "first_name": "Celeste",
      "last_name": "Riatt",
      "email": "criatt1h@washington.edu",
      "gender": "Female",
      "dob": "2021-06-28T06:26:02Z"
    },
    {
      "id": 55,
      "first_name": "Neilla",
      "last_name": "Adriani",
      "email": "nadriani1i@miibeian.gov.cn",
      "gender": "Female",
      "dob": "2020-11-12T16:24:30Z"
    },
    {
      "id": 56,
      "first_name": "Cornell",
      "last_name": "Trevain",
      "email": "ctrevain1j@booking.com",
      "gender": "Male",
      "dob": "2021-10-21T17:36:37Z"
    },
    {
      "id": 57,
      "first_name": "Davy",
      "last_name": "Rook",
      "email": "drook1k@vistaprint.com",
      "gender": "Male",
      "dob": "2021-04-08T17:02:03Z"
    },
    {
      "id": 58,
      "first_name": "Kettie",
      "last_name": "Zealander",
      "email": "kzealander1l@salon.com",
      "gender": "Female",
      "dob": "2021-09-16T21:24:19Z"
    },
    {
      "id": 59,
      "first_name": "Abra",
      "last_name": "Moreby",
      "email": "amoreby1m@msn.com",
      "gender": "Female",
      "dob": "2022-10-07T06:29:50Z"
    },
    {
      "id": 60,
      "first_name": "Charlton",
      "last_name": "Sare",
      "email": "csare1n@vinaora.com",
      "gender": "Polygender",
      "dob": "2021-07-18T21:36:50Z"
    },
    {
      "id": 61,
      "first_name": "Giles",
      "last_name": "Clout",
      "email": "gclout1o@samsung.com",
      "gender": "Male",
      "dob": "2023-06-08T18:35:46Z"
    },
    {
      "id": 62,
      "first_name": "Walther",
      "last_name": "Risebrow",
      "email": "wrisebrow1p@cmu.edu",
      "gender": "Male",
      "dob": "2020-08-23T17:01:19Z"
    },
    {
      "id": 63,
      "first_name": "Silvain",
      "last_name": "Akers",
      "email": "sakers1q@blogtalkradio.com",
      "gender": "Male",
      "dob": "2020-07-06T13:23:33Z"
    },
    {
      "id": 64,
      "first_name": "Phyllida",
      "last_name": "Weiner",
      "email": "pweiner1r@e-recht24.de",
      "gender": "Non-binary",
      "dob": "2021-10-15T20:06:03Z"
    },
    {
      "id": 65,
      "first_name": "Ker",
      "last_name": "Brunn",
      "email": "kbrunn1s@bandcamp.com",
      "gender": "Male",
      "dob": "2020-11-16T23:20:00Z"
    },
    {
      "id": 66,
      "first_name": "Yvette",
      "last_name": "Crockett",
      "email": "ycrockett1t@wix.com",
      "gender": "Female",
      "dob": "2020-06-21T20:23:14Z"
    },
    {
      "id": 67,
      "first_name": "Orelee",
      "last_name": "Cherm",
      "email": "ocherm1u@google.pl",
      "gender": "Female",
      "dob": "2021-08-04T06:16:44Z"
    },
    {
      "id": 68,
      "first_name": "Justis",
      "last_name": "Kissock",
      "email": "jkissock1v@amazon.com",
      "gender": "Male",
      "dob": "2021-04-06T02:21:09Z"
    },
    {
      "id": 69,
      "first_name": "Dru",
      "last_name": "Frossell",
      "email": "dfrossell1w@xing.com",
      "gender": "Male",
      "dob": "2021-02-26T00:03:10Z"
    },
    {
      "id": 70,
      "first_name": "Gustavo",
      "last_name": "Duligall",
      "email": "gduligall1x@psu.edu",
      "gender": "Male",
      "dob": "2023-02-07T00:31:12Z"
    },
    {
      "id": 71,
      "first_name": "Jasen",
      "last_name": "Warrillow",
      "email": "jwarrillow1y@moonfruit.com",
      "gender": "Male",
      "dob": "2022-01-17T22:02:29Z"
    },
    {
      "id": 72,
      "first_name": "Drucy",
      "last_name": "Boc",
      "email": "dboc1z@is.gd",
      "gender": "Female",
      "dob": "2022-10-12T01:43:13Z"
    },
    {
      "id": 73,
      "first_name": "Libby",
      "last_name": "Nevison",
      "email": "lnevison20@nasa.gov",
      "gender": "Female",
      "dob": "2023-05-17T10:35:40Z"
    },
    {
      "id": 74,
      "first_name": "Lora",
      "last_name": "Vallender",
      "email": "lvallender21@redcross.org",
      "gender": "Female",
      "dob": "2023-03-12T21:24:16Z"
    },
    {
      "id": 75,
      "first_name": "Klara",
      "last_name": "Paley",
      "email": "kpaley22@slate.com",
      "gender": "Female",
      "dob": "2020-07-18T04:44:06Z"
    },
    {
      "id": 76,
      "first_name": "Randal",
      "last_name": "Pengelly",
      "email": "rpengelly23@miibeian.gov.cn",
      "gender": "Male",
      "dob": "2021-11-01T10:48:26Z"
    },
    {
      "id": 77,
      "first_name": "Shanna",
      "last_name": "Meak",
      "email": "smeak24@mac.com",
      "gender": "Female",
      "dob": "2020-06-13T03:33:39Z"
    },
    {
      "id": 78,
      "first_name": "Nonna",
      "last_name": "McConnachie",
      "email": "nmcconnachie25@fotki.com",
      "gender": "Female",
      "dob": "2021-04-03T10:50:01Z"
    },
    {
      "id": 79,
      "first_name": "Pammi",
      "last_name": "Bousler",
      "email": "pbousler26@npr.org",
      "gender": "Female",
      "dob": "2021-12-06T20:04:10Z"
    },
    {
      "id": 80,
      "first_name": "Illa",
      "last_name": "Tarbet",
      "email": "itarbet27@issuu.com",
      "gender": "Female",
      "dob": "2022-01-16T13:31:37Z"
    },
    {
      "id": 81,
      "first_name": "Ladonna",
      "last_name": "Courtin",
      "email": "lcourtin28@java.com",
      "gender": "Female",
      "dob": "2022-12-22T03:18:08Z"
    },
    {
      "id": 82,
      "first_name": "Jordain",
      "last_name": "Udale",
      "email": "judale29@answers.com",
      "gender": "Female",
      "dob": "2023-06-14T14:19:11Z"
    },
    {
      "id": 83,
      "first_name": "Remy",
      "last_name": "Harrad",
      "email": "rharrad2a@w3.org",
      "gender": "Female",
      "dob": "2021-08-04T01:50:32Z"
    },
    {
      "id": 84,
      "first_name": "Camellia",
      "last_name": "Batstone",
      "email": "cbatstone2b@fc2.com",
      "gender": "Female",
      "dob": "2022-10-22T17:15:03Z"
    },
    {
      "id": 85,
      "first_name": "Errol",
      "last_name": "Dodshon",
      "email": "edodshon2c@yale.edu",
      "gender": "Male",
      "dob": "2020-09-06T23:30:21Z"
    },
    {
      "id": 86,
      "first_name": "Meara",
      "last_name": "Udie",
      "email": "mudie2d@netscape.com",
      "gender": "Female",
      "dob": "2020-06-05T16:24:45Z"
    },
    {
      "id": 87,
      "first_name": "Enrique",
      "last_name": "Mariner",
      "email": "emariner2e@discuz.net",
      "gender": "Male",
      "dob": "2021-01-31T15:22:56Z"
    },
    {
      "id": 88,
      "first_name": "Jayme",
      "last_name": "Cuppleditch",
      "email": "jcuppleditch2f@ted.com",
      "gender": "Male",
      "dob": "2021-10-26T04:04:24Z"
    },
    {
      "id": 89,
      "first_name": "Ernestus",
      "last_name": "Hardiker",
      "email": "ehardiker2g@twitpic.com",
      "gender": "Male",
      "dob": "2022-11-26T01:03:59Z"
    },
    {
      "id": 90,
      "first_name": "Rees",
      "last_name": "Persian",
      "email": "rpersian2h@scientificamerican.com",
      "gender": "Male",
      "dob": "2022-01-09T13:25:49Z"
    },
    {
      "id": 91,
      "first_name": "Derry",
      "last_name": "Steven",
      "email": "dsteven2i@bing.com",
      "gender": "Male",
      "dob": "2022-07-09T16:49:38Z"
    },
    {
      "id": 92,
      "first_name": "Bartlett",
      "last_name": "Grewar",
      "email": "bgrewar2j@123-reg.co.uk",
      "gender": "Genderfluid",
      "dob": "2020-07-25T20:10:17Z"
    },
    {
      "id": 93,
      "first_name": "Kermie",
      "last_name": "Currm",
      "email": "kcurrm2k@ft.com",
      "gender": "Male",
      "dob": "2023-05-02T17:14:42Z"
    },
    {
      "id": 94,
      "first_name": "Kylen",
      "last_name": "Marzellano",
      "email": "kmarzellano2l@purevolume.com",
      "gender": "Female",
      "dob": "2023-03-06T16:46:45Z"
    },
    {
      "id": 95,
      "first_name": "Logan",
      "last_name": "Rogan",
      "email": "lrogan2m@google.it",
      "gender": "Male",
      "dob": "2022-03-23T12:16:56Z"
    },
    {
      "id": 96,
      "first_name": "Christoph",
      "last_name": "Kiffin",
      "email": "ckiffin2n@blinklist.com",
      "gender": "Male",
      "dob": "2021-03-20T05:52:47Z"
    },
    {
      "id": 97,
      "first_name": "Brittney",
      "last_name": "Shilleto",
      "email": "bshilleto2o@youtube.com",
      "gender": "Female",
      "dob": "2022-10-29T13:00:01Z"
    },
    {
      "id": 98,
      "first_name": "Christoffer",
      "last_name": "Kief",
      "email": "ckief2p@ycombinator.com",
      "gender": "Male",
      "dob": "2020-10-03T07:14:45Z"
    },
    {
      "id": 99,
      "first_name": "Ellyn",
      "last_name": "Ovenden",
      "email": "eovenden2q@w3.org",
      "gender": "Female",
      "dob": "2020-09-13T05:26:39Z"
    },
    {
      "id": 100,
      "first_name": "Ingrim",
      "last_name": "Plunket",
      "email": "iplunket2r@discovery.com",
      "gender": "Male",
      "dob": "2021-12-09T04:33:33Z"
    }
  ]